{"cameraMode":{"drawMode":0,"name":"Shaded","section":"Shading Mode"},"sceneLighting":false,"audioPlay":false,"sceneViewState":{"m_AlwaysRefresh":false,"showFog":true,"showSkybox":false,"showFlares":true,"showImageEffects":true,"showParticleSystems":true,"showVisualEffectGraphs":true,"m_FxEnabled":true},"in2DMode":false,"pivot":{"x":28.501935958862306,"y":77.7468032836914,"z":-76.95999908447266},"rotation":{"x":0.045296914875507358,"y":-0.0033191258553415539,"z":0.00013771642989013344,"w":0.9989969730377197},"size":2.118525743484497,"orthographic":false}