{"cameraMode":{"drawMode":0,"name":"Shaded","section":"Shading Mode"},"sceneLighting":false,"audioPlay":false,"sceneViewState":{"m_AlwaysRefresh":false,"showFog":false,"showSkybox":false,"showFlares":false,"showImageEffects":false,"showParticleSystems":false,"showVisualEffectGraphs":true,"m_FxEnabled":true},"in2DMode":false,"pivot":{"x":0.00007396936416625977,"y":0.7351607084274292,"z":0.023887664079666139},"rotation":{"x":0.004781384486705065,"y":0.9857118129730225,"z":-0.1659683883190155,"w":0.02839730493724346},"size":1.1928372383117676,"orthographic":false}