{"cameraMode":{"drawMode":0,"name":"Shaded","section":"Shading Mode"},"sceneLighting":true,"audioPlay":false,"sceneViewState":{"m_AlwaysRefresh":false,"showFog":true,"showSkybox":true,"showFlares":true,"showImageEffects":true,"showParticleSystems":true,"showVisualEffectGraphs":true,"m_FxEnabled":true},"in2DMode":false,"pivot":{"x":18.884416580200197,"y":89.9433822631836,"z":-61.398223876953128},"rotation":{"x":0.17194928228855134,"y":0.013898042030632496,"z":-0.002544180490076542,"w":0.9851288199424744},"size":1.1751086711883546,"orthographic":false}